id,first_name,last_name,email,city,address,country,phone,birth_date,avatar,password
1,Katusha,Leney,kleney0@japanpost.jp,Wenhe,72 Rowland Drive,China,424-705-6298,8/28/1971,https://robohash.org/reprehenderitporrotempora.png?size=50x50&set=set1,$2y$12$Rh2/iF1bQWPN4Ut7MDB4kOP/j550Y/V38a7PeumPZ0jlNdJKIW7bK
2,Giffer,Elcott,gelcott1@chron.com,Kingston,50 Ronald Regan Alley,United Kingdom,278-589-1159,8/12/1983,https://robohash.org/earumaderror.png?size=50x50&set=set1,$2y$12$Rh2/iF1bQWPN4Ut7MDB4kOP/j550Y/V38a7PeumPZ0jlNdJKIW7bK
3,Jacky,Limpertz,jlimpertz2@pagesperso-orange.fr,Starobin,6701 Charing Cross Center,Belarus,190-960-1470,8/7/1997,https://robohash.org/quiarepellatvoluptatem.png?size=50x50&set=set1,$2y$12$Rh2/iF1bQWPN4Ut7MDB4kOP/j550Y/V38a7PeumPZ0jlNdJKIW7bK
4,Harmonie,Boner,hboner3@fda.gov,San Antonio,5384 Golf View Alley,United States,210-325-6369,3/9/1979,https://robohash.org/aliquidetiste.png?size=50x50&set=set1,$2y$12$Rh2/iF1bQWPN4Ut7MDB4kOP/j550Y/V38a7PeumPZ0jlNdJKIW7bK
5,Wilhelmine,Smullin,wsmullin4@admin.ch,Da’anshan,949 Scoville Terrace,China,520-879-8098,4/28/1982,https://robohash.org/placeatmaximeid.png?size=50x50&set=set1,$2y$12$Rh2/iF1bQWPN4Ut7MDB4kOP/j550Y/V38a7PeumPZ0jlNdJKIW7bK
6,Constantine,Nutbrown,cnutbrown5@cbsnews.com,Slavuta,66 Waywood Road,Ukraine,815-448-1166,1/18/1979,https://robohash.org/voluptasfugavel.png?size=50x50&set=set1,$2y$12$Rh2/iF1bQWPN4Ut7MDB4kOP/j550Y/V38a7PeumPZ0jlNdJKIW7bK
7,Ardine,Ferrao,aferrao6@wp.com,Sumberrejo,8 Waywood Point,Indonesia,299-434-5036,2/27/1977,https://robohash.org/nemoessemodi.png?size=50x50&set=set1,$2y$12$Rh2/iF1bQWPN4Ut7MDB4kOP/j550Y/V38a7PeumPZ0jlNdJKIW7bK
8,Jodi,Keitley,jkeitley7@myspace.com,Qal‘ah-ye Na‘īm,758 2nd Lane,Afghanistan,205-436-7364,7/29/1983,https://robohash.org/quinemoperferendis.png?size=50x50&set=set1,$2y$12$Rh2/iF1bQWPN4Ut7MDB4kOP/j550Y/V38a7PeumPZ0jlNdJKIW7bK
9,Cherish,Veale,cveale8@npr.org,Laifang,81 Bluestem Trail,China,928-632-4623,9/13/1990,https://robohash.org/veniamdelenitiquia.png?size=50x50&set=set1,$2y$12$Rh2/iF1bQWPN4Ut7MDB4kOP/j550Y/V38a7PeumPZ0jlNdJKIW7bK
10,Marnie,Saket,msaket9@paypal.com,Mainz,98 Starling Hill,Germany,828-465-5364,7/23/1992,https://robohash.org/nihilenimnobis.png?size=50x50&set=set1,$2y$12$Rh2/iF1bQWPN4Ut7MDB4kOP/j550Y/V38a7PeumPZ0jlNdJKIW7bK
11,Lolita,Pellman,lpellmana@senate.gov,Savannakhét,09820 Kensington Plaza,Laos,849-762-4856,12/15/1992,https://robohash.org/ettotamquod.png?size=50x50&set=set1,$2y$12$Rh2/iF1bQWPN4Ut7MDB4kOP/j550Y/V38a7PeumPZ0jlNdJKIW7bK
12,Lowe,Argo,largob@engadget.com,Banyuurip,4349 Grasskamp Hill,Indonesia,859-888-9550,8/11/1992,https://robohash.org/exomnisofficiis.png?size=50x50&set=set1,$2y$12$Rh2/iF1bQWPN4Ut7MDB4kOP/j550Y/V38a7PeumPZ0jlNdJKIW7bK
13,Leeanne,Lerigo,llerigoc@cbc.ca,Pingxiang,9459 Becker Circle,China,946-948-3160,9/13/1989,https://robohash.org/eosmolestiaeesse.png?size=50x50&set=set1,$2y$12$Rh2/iF1bQWPN4Ut7MDB4kOP/j550Y/V38a7PeumPZ0jlNdJKIW7bK
14,Bria,Rudloff,brudloffd@mapquest.com,Chambar,9060 Lunder Center,Pakistan,178-998-3912,2/5/1984,https://robohash.org/illumautnisi.png?size=50x50&set=set1,$2y$12$Rh2/iF1bQWPN4Ut7MDB4kOP/j550Y/V38a7PeumPZ0jlNdJKIW7bK
15,Hinda,Glasser,hglassere@noaa.gov,Ostankinskiy,9983 Donald Road,Russia,489-349-4339,2/4/1985,https://robohash.org/utsequinon.png?size=50x50&set=set1,$2y$12$Rh2/iF1bQWPN4Ut7MDB4kOP/j550Y/V38a7PeumPZ0jlNdJKIW7bK
16,Agnes,Haithwaite,ahaithwaitef@acquirethisname.com,Monte da Chaminé,69721 Heffernan Hill,Portugal,999-281-4083,8/2/1995,https://robohash.org/iurevoluptasprovident.png?size=50x50&set=set1,$2y$12$Rh2/iF1bQWPN4Ut7MDB4kOP/j550Y/V38a7PeumPZ0jlNdJKIW7bK
17,Rex,O'Sharry,rosharryg@google.ru,Asamboka,9 Golf Center,Indonesia,857-689-5067,5/16/1980,https://robohash.org/impeditasperioreseos.png?size=50x50&set=set1,$2y$12$Rh2/iF1bQWPN4Ut7MDB4kOP/j550Y/V38a7PeumPZ0jlNdJKIW7bK
18,Trefor,Binham,tbinhamh@parallels.com,Diapaga,900 Monterey Way,Burkina Faso,940-303-5283,6/18/1980,https://robohash.org/nemorecusandaenulla.png?size=50x50&set=set1,$2y$12$Rh2/iF1bQWPN4Ut7MDB4kOP/j550Y/V38a7PeumPZ0jlNdJKIW7bK
19,Kameko,Frickey,kfrickeyi@hc360.com,Luorong,3 Briar Crest Drive,China,206-621-6255,8/1/1983,https://robohash.org/estrerumquia.png?size=50x50&set=set1,$2y$12$Rh2/iF1bQWPN4Ut7MDB4kOP/j550Y/V38a7PeumPZ0jlNdJKIW7bK
20,Frasco,Burdytt,fburdyttj@sun.com,Yanagawamachi-saiwaichō,35687 Drewry Court,Japan,226-828-3532,3/15/1989,https://robohash.org/quimolestiaeunde.png?size=50x50&set=set1,$2y$12$Rh2/iF1bQWPN4Ut7MDB4kOP/j550Y/V38a7PeumPZ0jlNdJKIW7bK
21,Midge,Spilling,mspillingk@indiegogo.com,Klutuk,30 Talisman Lane,Indonesia,362-157-0785,9/21/1994,https://robohash.org/voluptasfacilisnecessitatibus.png?size=50x50&set=set1,$2y$12$Rh2/iF1bQWPN4Ut7MDB4kOP/j550Y/V38a7PeumPZ0jlNdJKIW7bK
22,Rudolf,Ganing,rganingl@abc.net.au,Cienfuegos,2242 Helena Place,Cuba,309-395-2272,8/3/1987,https://robohash.org/doloribusmolestiaeconsectetur.png?size=50x50&set=set1,$2y$12$Rh2/iF1bQWPN4Ut7MDB4kOP/j550Y/V38a7PeumPZ0jlNdJKIW7bK
23,Farra,Stallworthy,fstallworthym@cdc.gov,Zafarwāl,549 Spohn Road,Pakistan,927-370-5548,8/29/1984,https://robohash.org/consequuntursitlaudantium.png?size=50x50&set=set1,$2y$12$Rh2/iF1bQWPN4Ut7MDB4kOP/j550Y/V38a7PeumPZ0jlNdJKIW7bK
24,Teodorico,Folliss,tfollissn@hao123.com,San José del Guaviare,01217 Johnson Lane,Colombia,165-123-3316,8/1/1978,https://robohash.org/voluptatesofficiaea.png?size=50x50&set=set1,$2y$12$Rh2/iF1bQWPN4Ut7MDB4kOP/j550Y/V38a7PeumPZ0jlNdJKIW7bK
25,Finley,Baudry,fbaudryo@e-recht24.de,Libacao,737 Bonner Court,Philippines,658-681-4394,4/8/1974,https://robohash.org/velitautaspernatur.png?size=50x50&set=set1,$2y$12$Rh2/iF1bQWPN4Ut7MDB4kOP/j550Y/V38a7PeumPZ0jlNdJKIW7bK
26,Arlena,Blacksland,ablackslandp@yelp.com,Miribanteng,119 Ridgeway Street,Indonesia,478-641-9060,7/8/1984,https://robohash.org/doloraliasofficiis.png?size=50x50&set=set1,$2y$12$Rh2/iF1bQWPN4Ut7MDB4kOP/j550Y/V38a7PeumPZ0jlNdJKIW7bK
27,Isidro,Kingswoode,ikingswoodeq@posterous.com,Cajazeiras,8677 Anthes Street,Brazil,171-184-2499,7/1/1979,https://robohash.org/teneturlaudantiumreiciendis.png?size=50x50&set=set1,$2y$12$Rh2/iF1bQWPN4Ut7MDB4kOP/j550Y/V38a7PeumPZ0jlNdJKIW7bK
28,Gwenneth,Glaserman,gglasermanr@storify.com,Kinatakutan,7293 Sullivan Drive,Philippines,597-286-6639,3/18/1988,https://robohash.org/beataecorruptimolestias.png?size=50x50&set=set1,$2y$12$Rh2/iF1bQWPN4Ut7MDB4kOP/j550Y/V38a7PeumPZ0jlNdJKIW7bK
29,Conney,Olenchikov,colenchikovs@altervista.org,Cumba,36 Nancy Court,Peru,265-795-7060,5/17/1996,https://robohash.org/distinctioveroincidunt.png?size=50x50&set=set1,$2y$12$Rh2/iF1bQWPN4Ut7MDB4kOP/j550Y/V38a7PeumPZ0jlNdJKIW7bK
30,Borden,Bend,bbendt@symantec.com,Paltamo,796 Fisk Center,Finland,949-597-0120,4/16/1980,https://robohash.org/distinctioquamsit.png?size=50x50&set=set1,$2y$12$Rh2/iF1bQWPN4Ut7MDB4kOP/j550Y/V38a7PeumPZ0jlNdJKIW7bK
31,Dougie,Sexty,dsextyu@ehow.com,Pameungpeuk,57 Homewood Park,Indonesia,950-510-1749,11/8/1992,https://robohash.org/quinisiveritatis.png?size=50x50&set=set1,$2y$12$Rh2/iF1bQWPN4Ut7MDB4kOP/j550Y/V38a7PeumPZ0jlNdJKIW7bK
32,Christan,MacGaughy,cmacgaughyv@edublogs.org,Calsib,84 Cascade Park,Philippines,280-109-3119,4/4/1978,https://robohash.org/nequesintearum.png?size=50x50&set=set1,$2y$12$Rh2/iF1bQWPN4Ut7MDB4kOP/j550Y/V38a7PeumPZ0jlNdJKIW7bK
33,Gwynne,Marshfield,gmarshfieldw@purevolume.com,Birigui,7 Rockefeller Trail,Brazil,837-251-3599,1/4/1980,https://robohash.org/dolorummolestiasnon.png?size=50x50&set=set1,$2y$12$Rh2/iF1bQWPN4Ut7MDB4kOP/j550Y/V38a7PeumPZ0jlNdJKIW7bK
34,Nettie,Colliber,ncolliberx@technorati.com,Langjun,91948 Hanson Court,China,961-907-7947,1/6/1993,https://robohash.org/ipsumquisiure.png?size=50x50&set=set1,$2y$12$Rh2/iF1bQWPN4Ut7MDB4kOP/j550Y/V38a7PeumPZ0jlNdJKIW7bK
35,Fayina,Cure,fcurey@foxnews.com,Borodino,7 Pawling Crossing,Ukraine,699-259-3791,1/31/1983,https://robohash.org/seduttemporibus.png?size=50x50&set=set1,$2y$12$Rh2/iF1bQWPN4Ut7MDB4kOP/j550Y/V38a7PeumPZ0jlNdJKIW7bK
36,Rudd,Himsworth,rhimsworthz@earthlink.net,Nomhon,5959 Mariners Cove Avenue,China,337-414-1356,3/3/1979,https://robohash.org/perferendissedrepellendus.png?size=50x50&set=set1,$2y$12$Rh2/iF1bQWPN4Ut7MDB4kOP/j550Y/V38a7PeumPZ0jlNdJKIW7bK
37,Bethanne,Ghiotto,bghiotto10@ifeng.com,Drezdenko,8347 Quincy Lane,Poland,679-203-1593,10/26/1983,https://robohash.org/idplaceatab.png?size=50x50&set=set1,$2y$12$Rh2/iF1bQWPN4Ut7MDB4kOP/j550Y/V38a7PeumPZ0jlNdJKIW7bK
38,Janey,Jedrzej,jjedrzej11@lulu.com,Ḩadīdah,7 Stang Parkway,Syria,400-536-2068,7/11/1970,https://robohash.org/repellendusdoloremlaborum.png?size=50x50&set=set1,$2y$12$Rh2/iF1bQWPN4Ut7MDB4kOP/j550Y/V38a7PeumPZ0jlNdJKIW7bK
39,Pancho,Purdy,ppurdy12@cocolog-nifty.com,Kachug,024 Northfield Alley,Russia,427-964-9299,8/9/1977,https://robohash.org/providentsitconsectetur.png?size=50x50&set=set1,$2y$12$Rh2/iF1bQWPN4Ut7MDB4kOP/j550Y/V38a7PeumPZ0jlNdJKIW7bK
40,Dionysus,Civitillo,dcivitillo13@dmoz.org,Międzyrzecz,31563 Namekagon Plaza,Poland,739-100-3671,4/24/1999,https://robohash.org/eosquaeratnon.png?size=50x50&set=set1,$2y$12$Rh2/iF1bQWPN4Ut7MDB4kOP/j550Y/V38a7PeumPZ0jlNdJKIW7bK
41,Leda,Vayro,lvayro14@goo.gl,Ngawen,2 Nancy Drive,Indonesia,324-563-3457,1/10/1991,https://robohash.org/assumendaeumlabore.png?size=50x50&set=set1,$2y$12$Rh2/iF1bQWPN4Ut7MDB4kOP/j550Y/V38a7PeumPZ0jlNdJKIW7bK
42,Erroll,Eagan,eeagan15@wordpress.org,Bingfang,82 Kennedy Junction,China,240-590-9063,7/6/1990,https://robohash.org/optioofficiiseveniet.png?size=50x50&set=set1,$2y$12$Rh2/iF1bQWPN4Ut7MDB4kOP/j550Y/V38a7PeumPZ0jlNdJKIW7bK
43,Jeri,Filippyev,jfilippyev16@sfgate.com,Fuyo,6730 Loeprich Pass,South Korea,939-360-7030,11/11/1993,https://robohash.org/aliquidsolutamolestias.png?size=50x50&set=set1,$2y$12$Rh2/iF1bQWPN4Ut7MDB4kOP/j550Y/V38a7PeumPZ0jlNdJKIW7bK
44,Ondrea,Coolican,ocoolican17@woothemes.com,Al Ḩumaydāt,0532 West Center,Yemen,110-306-2796,2/6/1996,https://robohash.org/quiexercitationemest.png?size=50x50&set=set1,$2y$12$Rh2/iF1bQWPN4Ut7MDB4kOP/j550Y/V38a7PeumPZ0jlNdJKIW7bK
45,Leonhard,Danbury,ldanbury18@wiley.com,Qilin,09917 Ridgeway Court,China,768-448-7374,12/13/1984,https://robohash.org/dolorducimussaepe.png?size=50x50&set=set1,$2y$12$Rh2/iF1bQWPN4Ut7MDB4kOP/j550Y/V38a7PeumPZ0jlNdJKIW7bK
46,Atalanta,Wasson,awasson19@cargocollective.com,Subaykhān,28483 Farmco Avenue,Syria,573-834-3888,10/22/1996,https://robohash.org/sitexcorrupti.png?size=50x50&set=set1,$2y$12$Rh2/iF1bQWPN4Ut7MDB4kOP/j550Y/V38a7PeumPZ0jlNdJKIW7bK
47,Cecilio,Sasser,csasser1a@jiathis.com,Mtsensk,57 Rutledge Hill,Russia,330-128-8454,6/24/1973,https://robohash.org/rerumquisdolore.png?size=50x50&set=set1,$2y$12$Rh2/iF1bQWPN4Ut7MDB4kOP/j550Y/V38a7PeumPZ0jlNdJKIW7bK
48,Pandora,McLoney,pmcloney1b@yahoo.com,Dayr Dibwān,6888 Rieder Center,Palestinian Territory,319-994-8583,8/8/1997,https://robohash.org/consequaturexcepturiet.png?size=50x50&set=set1,$2y$12$Rh2/iF1bQWPN4Ut7MDB4kOP/j550Y/V38a7PeumPZ0jlNdJKIW7bK
49,Augy,Pomeroy,apomeroy1c@blinklist.com,Manta,693 Doe Crossing Terrace,Ecuador,102-172-1558,10/1/1983,https://robohash.org/eosutin.png?size=50x50&set=set1,$2y$12$Rh2/iF1bQWPN4Ut7MDB4kOP/j550Y/V38a7PeumPZ0jlNdJKIW7bK
50,Bibi,Wodham,bwodham1d@craigslist.org,Zhonghe,0614 Glendale Drive,China,410-262-8429,6/20/1976,https://robohash.org/faceremolestiaequibusdam.png?size=50x50&set=set1,$2y$12$Rh2/iF1bQWPN4Ut7MDB4kOP/j550Y/V38a7PeumPZ0jlNdJKIW7bK
51,Harley,Guion,hguion1e@newyorker.com,Hengshan,728 Sachtjen Park,China,689-596-9831,12/29/1991,https://robohash.org/iustoadipiscideserunt.png?size=50x50&set=set1,$2y$12$Rh2/iF1bQWPN4Ut7MDB4kOP/j550Y/V38a7PeumPZ0jlNdJKIW7bK
52,Renaud,MacKessock,rmackessock1f@taobao.com,Ordzhonikidzevskaya,038 Messerschmidt Junction,Russia,709-402-9260,7/16/1981,https://robohash.org/excepturinihilautem.png?size=50x50&set=set1,$2y$12$Rh2/iF1bQWPN4Ut7MDB4kOP/j550Y/V38a7PeumPZ0jlNdJKIW7bK
53,Petronilla,Flegg,pflegg1g@mapquest.com,Chaman,4216 Shasta Trail,Pakistan,556-125-1202,5/16/1986,https://robohash.org/ametnatusnemo.png?size=50x50&set=set1,$2y$12$Rh2/iF1bQWPN4Ut7MDB4kOP/j550Y/V38a7PeumPZ0jlNdJKIW7bK
54,Baird,Liepins,bliepins1h@mediafire.com,Padre Nabeto,788 Morning Pass,Portugal,660-628-0561,4/27/1979,https://robohash.org/sintmolestiasvitae.png?size=50x50&set=set1,$2y$12$Rh2/iF1bQWPN4Ut7MDB4kOP/j550Y/V38a7PeumPZ0jlNdJKIW7bK
55,Packston,Arrighini,parrighini1i@dmoz.org,Miasteczko Śląskie,91 Sullivan Road,Poland,242-358-5188,10/30/1978,https://robohash.org/eaquevoluptatesaepe.png?size=50x50&set=set1,$2y$12$Rh2/iF1bQWPN4Ut7MDB4kOP/j550Y/V38a7PeumPZ0jlNdJKIW7bK
56,Hewett,Lehmann,hlehmann1j@unesco.org,Kwangyang,2 Thierer Avenue,South Korea,550-297-2612,8/20/1997,https://robohash.org/undedoloribusveniam.png?size=50x50&set=set1,$2y$12$Rh2/iF1bQWPN4Ut7MDB4kOP/j550Y/V38a7PeumPZ0jlNdJKIW7bK
57,Ferdy,Putman,fputman1k@1und1.de,Timashëvsk,65963 Miller Street,Russia,778-539-2460,1/19/1984,https://robohash.org/blanditiisestdeserunt.png?size=50x50&set=set1,$2y$12$Rh2/iF1bQWPN4Ut7MDB4kOP/j550Y/V38a7PeumPZ0jlNdJKIW7bK
58,Collen,Lanfare,clanfare1l@goo.gl,Naifalo,30176 Carey Parkway,Indonesia,823-157-5605,9/14/1992,https://robohash.org/etautitaque.png?size=50x50&set=set1,$2y$12$Rh2/iF1bQWPN4Ut7MDB4kOP/j550Y/V38a7PeumPZ0jlNdJKIW7bK
59,Trudi,O'Hoolahan,tohoolahan1m@tripod.com,Aracati,3 Myrtle Parkway,Brazil,930-699-3815,7/18/1986,https://robohash.org/sedvoluptatemarchitecto.png?size=50x50&set=set1,$2y$12$Rh2/iF1bQWPN4Ut7MDB4kOP/j550Y/V38a7PeumPZ0jlNdJKIW7bK
60,Abagael,Birchwood,abirchwood1n@seesaa.net,Itaocara,1274 Sutteridge Alley,Brazil,470-107-4668,8/29/1989,https://robohash.org/idinaut.png?size=50x50&set=set1,$2y$12$Rh2/iF1bQWPN4Ut7MDB4kOP/j550Y/V38a7PeumPZ0jlNdJKIW7bK
61,Wright,McMonies,wmcmonies1o@yelp.com,Kraljevica,0048 Buell Junction,Croatia,261-320-6102,3/21/1985,https://robohash.org/oditautamet.png?size=50x50&set=set1,$2y$12$Rh2/iF1bQWPN4Ut7MDB4kOP/j550Y/V38a7PeumPZ0jlNdJKIW7bK
62,Queenie,O'Carran,qocarran1p@163.com,Flandes,7 Portage Park,Colombia,329-750-1537,11/7/1970,https://robohash.org/nobismolestiascupiditate.png?size=50x50&set=set1,$2y$12$Rh2/iF1bQWPN4Ut7MDB4kOP/j550Y/V38a7PeumPZ0jlNdJKIW7bK
63,Terrence,Beaulieu,tbeaulieu1q@berkeley.edu,Lgota Wielka,71346 Spohn Circle,Poland,725-974-0083,12/31/1987,https://robohash.org/etquibusdamnihil.png?size=50x50&set=set1,$2y$12$Rh2/iF1bQWPN4Ut7MDB4kOP/j550Y/V38a7PeumPZ0jlNdJKIW7bK
64,Alisha,Burchmore,aburchmore1r@desdev.cn,Carania,5603 Springview Road,Peru,471-971-3091,5/13/1987,https://robohash.org/sintexpeditaipsa.png?size=50x50&set=set1,$2y$12$Rh2/iF1bQWPN4Ut7MDB4kOP/j550Y/V38a7PeumPZ0jlNdJKIW7bK
65,Mair,Klessmann,mklessmann1s@businessweek.com,Farranacoush,9439 Pleasure Place,Ireland,175-563-1849,10/30/1996,https://robohash.org/quasivoluptatemdoloribus.png?size=50x50&set=set1,$2y$12$Rh2/iF1bQWPN4Ut7MDB4kOP/j550Y/V38a7PeumPZ0jlNdJKIW7bK
66,Mose,Peery,mpeery1t@marketwatch.com,Matwaḩ,54901 Columbus Trail,Yemen,730-589-2662,8/4/1994,https://robohash.org/voluptatemenimveniam.png?size=50x50&set=set1,$2y$12$Rh2/iF1bQWPN4Ut7MDB4kOP/j550Y/V38a7PeumPZ0jlNdJKIW7bK
67,Charmaine,Dorset,cdorset1u@discuz.net,Chulabhorn,68341 High Crossing Circle,Thailand,884-251-9085,12/9/1977,https://robohash.org/molestiasvoluptasaut.png?size=50x50&set=set1,$2y$12$Rh2/iF1bQWPN4Ut7MDB4kOP/j550Y/V38a7PeumPZ0jlNdJKIW7bK
68,Christiana,Beert,cbeert1v@purevolume.com,Zhangguanying,491 John Wall Junction,China,133-544-5577,10/12/1984,https://robohash.org/rationeestlaudantium.png?size=50x50&set=set1,$2y$12$Rh2/iF1bQWPN4Ut7MDB4kOP/j550Y/V38a7PeumPZ0jlNdJKIW7bK
69,Jae,Hugueville,jhugueville1w@harvard.edu,Maojiadian,85219 Lakewood Court,China,915-258-4287,10/28/1995,https://robohash.org/ipsaetvoluptas.png?size=50x50&set=set1,$2y$12$Rh2/iF1bQWPN4Ut7MDB4kOP/j550Y/V38a7PeumPZ0jlNdJKIW7bK
70,Erin,Meaker,emeaker1x@telegraph.co.uk,Lantera,8 Nevada Trail,Indonesia,869-243-7916,6/28/1970,https://robohash.org/nemoeossapiente.png?size=50x50&set=set1,$2y$12$Rh2/iF1bQWPN4Ut7MDB4kOP/j550Y/V38a7PeumPZ0jlNdJKIW7bK
71,Clifford,Mc Gaughey,cmcgaughey1y@shutterfly.com,Šavnik,957 Northland Lane,Montenegro,429-488-3338,9/3/1979,https://robohash.org/velsolutaerror.png?size=50x50&set=set1,$2y$12$Rh2/iF1bQWPN4Ut7MDB4kOP/j550Y/V38a7PeumPZ0jlNdJKIW7bK
72,Aloisia,Karlqvist,akarlqvist1z@cnbc.com,Graz,4298 Moose Park,Austria,987-328-8455,7/1/1970,https://robohash.org/dictadelectuset.png?size=50x50&set=set1,$2y$12$Rh2/iF1bQWPN4Ut7MDB4kOP/j550Y/V38a7PeumPZ0jlNdJKIW7bK
73,Vanya,Poll,vpoll20@vistaprint.com,Shypyntsi,70173 Jenifer Point,Ukraine,859-886-7443,7/5/1992,https://robohash.org/possimusabpariatur.png?size=50x50&set=set1,$2y$12$Rh2/iF1bQWPN4Ut7MDB4kOP/j550Y/V38a7PeumPZ0jlNdJKIW7bK
74,Felipe,Gofton,fgofton21@cisco.com,Jales,58 Gale Alley,Brazil,621-485-2890,12/28/1990,https://robohash.org/etveroin.png?size=50x50&set=set1,$2y$12$Rh2/iF1bQWPN4Ut7MDB4kOP/j550Y/V38a7PeumPZ0jlNdJKIW7bK
75,Tova,Duffitt,tduffitt22@trellian.com,Philadelphia,3 North Terrace,United States,267-504-1358,2/5/1981,https://robohash.org/cupiditateenimquibusdam.png?size=50x50&set=set1,$2y$12$Rh2/iF1bQWPN4Ut7MDB4kOP/j550Y/V38a7PeumPZ0jlNdJKIW7bK
76,Jandy,Leavey,jleavey23@technorati.com,Abū Qalqal,53011 Sycamore Junction,Syria,413-975-5442,1/6/1975,https://robohash.org/etodittempora.png?size=50x50&set=set1,$2y$12$Rh2/iF1bQWPN4Ut7MDB4kOP/j550Y/V38a7PeumPZ0jlNdJKIW7bK
77,Daune,Leser,dleser24@miibeian.gov.cn,Nansan,7241 Delladonna Parkway,China,197-166-4606,10/14/1978,https://robohash.org/atetnatus.png?size=50x50&set=set1,$2y$12$Rh2/iF1bQWPN4Ut7MDB4kOP/j550Y/V38a7PeumPZ0jlNdJKIW7bK
78,Florentia,Gingedale,fgingedale25@cisco.com,Maradi,6 Mallory Plaza,Niger,732-318-6393,8/1/1975,https://robohash.org/ideligendiincidunt.png?size=50x50&set=set1,$2y$12$Rh2/iF1bQWPN4Ut7MDB4kOP/j550Y/V38a7PeumPZ0jlNdJKIW7bK
79,Edi,Redish,eredish26@people.com.cn,Karuri,671 Southridge Drive,Kenya,679-852-7471,11/13/1991,https://robohash.org/quaerateaquemaxime.png?size=50x50&set=set1,$2y$12$Rh2/iF1bQWPN4Ut7MDB4kOP/j550Y/V38a7PeumPZ0jlNdJKIW7bK
80,Zachariah,O'Siaghail,zosiaghail27@techcrunch.com,Strawczyn,18 Birchwood Avenue,Poland,350-539-2294,8/5/1971,https://robohash.org/etveniamaccusantium.png?size=50x50&set=set1,$2y$12$Rh2/iF1bQWPN4Ut7MDB4kOP/j550Y/V38a7PeumPZ0jlNdJKIW7bK
81,Vina,Beggan,vbeggan28@ca.gov,Kirkland,627 Waubesa Court,Canada,628-411-4581,3/11/1994,https://robohash.org/fugiatexercitationemrepellendus.png?size=50x50&set=set1,$2y$12$Rh2/iF1bQWPN4Ut7MDB4kOP/j550Y/V38a7PeumPZ0jlNdJKIW7bK
82,Jorge,Ketcher,jketcher29@google.com.br,Asopós,24 Everett Place,Greece,220-673-6327,10/3/1975,https://robohash.org/atlaborumquisquam.png?size=50x50&set=set1,$2y$12$Rh2/iF1bQWPN4Ut7MDB4kOP/j550Y/V38a7PeumPZ0jlNdJKIW7bK
83,Kellia,Zelland,kzelland2a@nasa.gov,Alderetes,6 Warrior Pass,Argentina,155-456-0902,7/7/1987,https://robohash.org/etaperiamet.png?size=50x50&set=set1,$2y$12$Rh2/iF1bQWPN4Ut7MDB4kOP/j550Y/V38a7PeumPZ0jlNdJKIW7bK
84,Terra,Duny,tduny2b@economist.com,Amparo,9 Spohn Parkway,Brazil,392-960-4660,6/13/1985,https://robohash.org/praesentiumquisin.png?size=50x50&set=set1,$2y$12$Rh2/iF1bQWPN4Ut7MDB4kOP/j550Y/V38a7PeumPZ0jlNdJKIW7bK
85,Sanson,Mc Ilory,smcilory2c@linkedin.com,Pacaycasa,50956 Summerview Circle,Peru,655-172-3476,9/10/1986,https://robohash.org/voluptasblanditiisin.png?size=50x50&set=set1,$2y$12$Rh2/iF1bQWPN4Ut7MDB4kOP/j550Y/V38a7PeumPZ0jlNdJKIW7bK
86,Elsbeth,Puttock,eputtock2d@wunderground.com,North Shore,47992 Johnson Park,New Zealand,466-210-2406,7/1/1991,https://robohash.org/autveniamexplicabo.png?size=50x50&set=set1,$2y$12$Rh2/iF1bQWPN4Ut7MDB4kOP/j550Y/V38a7PeumPZ0jlNdJKIW7bK
87,Yolanda,Apfelmann,yapfelmann2e@sohu.com,Honolulu,3207 Farmco Trail,United States,808-651-6995,12/15/1997,https://robohash.org/quoestcorrupti.png?size=50x50&set=set1,$2y$12$Rh2/iF1bQWPN4Ut7MDB4kOP/j550Y/V38a7PeumPZ0jlNdJKIW7bK
88,Paulo,Cromie,pcromie2f@wunderground.com,Shido,98 Mcbride Junction,Japan,442-936-2754,3/17/1995,https://robohash.org/autcommodioptio.png?size=50x50&set=set1,$2y$12$Rh2/iF1bQWPN4Ut7MDB4kOP/j550Y/V38a7PeumPZ0jlNdJKIW7bK
89,Micki,Stockall,mstockall2g@seesaa.net,Guantouzui,45 Ridge Oak Center,China,564-237-0749,3/23/1995,https://robohash.org/adipisciidaccusamus.png?size=50x50&set=set1,$2y$12$Rh2/iF1bQWPN4Ut7MDB4kOP/j550Y/V38a7PeumPZ0jlNdJKIW7bK
90,Ameline,Sturzaker,asturzaker2h@sakura.ne.jp,Saramech,83 Delladonna Trail,Armenia,860-163-7039,1/17/1992,https://robohash.org/minimanesciuntlibero.png?size=50x50&set=set1,$2y$12$Rh2/iF1bQWPN4Ut7MDB4kOP/j550Y/V38a7PeumPZ0jlNdJKIW7bK
91,Winne,Havercroft,whavercroft2i@simplemachines.org,Casa Branca,677 Novick Pass,Brazil,252-617-6342,4/2/1979,https://robohash.org/similiquelaboreet.png?size=50x50&set=set1,$2y$12$Rh2/iF1bQWPN4Ut7MDB4kOP/j550Y/V38a7PeumPZ0jlNdJKIW7bK
92,Cameron,Grishkov,cgrishkov2j@soup.io,Hushan,618 Lawn Center,China,722-636-8485,11/15/1979,https://robohash.org/voluptasnullavoluptatum.png?size=50x50&set=set1,$2y$12$Rh2/iF1bQWPN4Ut7MDB4kOP/j550Y/V38a7PeumPZ0jlNdJKIW7bK
93,Britt,Eberts,beberts2k@jigsy.com,Toliara,9942 Pennsylvania Court,Madagascar,784-718-3965,10/8/1978,https://robohash.org/doloresaliquamea.png?size=50x50&set=set1,$2y$12$Rh2/iF1bQWPN4Ut7MDB4kOP/j550Y/V38a7PeumPZ0jlNdJKIW7bK
94,Selig,Fullstone,sfullstone2l@bloomberg.com,Kabankalan,50230 Lerdahl Alley,Philippines,637-887-5965,8/16/1997,https://robohash.org/suntquiiure.png?size=50x50&set=set1,$2y$12$Rh2/iF1bQWPN4Ut7MDB4kOP/j550Y/V38a7PeumPZ0jlNdJKIW7bK
95,Mireille,Baress,mbaress2m@nih.gov,Sukakarya,6704 Sheridan Court,Indonesia,523-413-3716,1/11/1976,https://robohash.org/atquesuntconsequatur.png?size=50x50&set=set1,$2y$12$Rh2/iF1bQWPN4Ut7MDB4kOP/j550Y/V38a7PeumPZ0jlNdJKIW7bK
96,Pia,Guarin,pguarin2n@ycombinator.com,Nusajaya,905 Clemons Junction,Malaysia,210-665-4953,11/4/1980,https://robohash.org/temporibusutet.png?size=50x50&set=set1,$2y$12$Rh2/iF1bQWPN4Ut7MDB4kOP/j550Y/V38a7PeumPZ0jlNdJKIW7bK
97,Brianna,Randell,brandell2o@wikimedia.org,Casa Quemada,19 Waubesa Pass,Honduras,340-278-9048,7/6/1984,https://robohash.org/voluptasconsequunturmollitia.png?size=50x50&set=set1,$2y$12$Rh2/iF1bQWPN4Ut7MDB4kOP/j550Y/V38a7PeumPZ0jlNdJKIW7bK
98,Ellerey,Labbe,elabbe2p@reverbnation.com,Roxas,62378 Anthes Court,Philippines,271-181-6395,1/29/1986,https://robohash.org/explicabosimiliqueodio.png?size=50x50&set=set1,$2y$12$Rh2/iF1bQWPN4Ut7MDB4kOP/j550Y/V38a7PeumPZ0jlNdJKIW7bK
99,Dorella,Mulheron,dmulheron2q@reddit.com,Santa Rita do Passa Quatro,00 Susan Parkway,Brazil,148-432-6779,1/11/1992,https://robohash.org/possimusquiducimus.png?size=50x50&set=set1,$2y$12$Rh2/iF1bQWPN4Ut7MDB4kOP/j550Y/V38a7PeumPZ0jlNdJKIW7bK
100,Alonzo,Domenicone,adomenicone2r@squidoo.com,Jiusi,404 International Crossing,China,848-612-8354,8/22/1991,https://robohash.org/beataedolorumquo.png?size=50x50&set=set1,$2y$12$Rh2/iF1bQWPN4Ut7MDB4kOP/j550Y/V38a7PeumPZ0jlNdJKIW7bK
